Area,Circularity,Equal_Diameter,Shortest_Axis,Longest_Axis,Perimeters,Aspect_Ratio,name
5889.0,0.7685349803072304,86.59161436851362,77.75414276123047,102.61708068847656,310.3086553812027,0.7577115061114958,IMG_6047
6453.0,0.7839331861549733,90.6433383221073,81.31306457519531,106.43201446533203,321.62236392498016,0.7639906562294874,IMG_6047
18546.5,0.7603847103196515,153.6689207889178,145.5059356689453,169.5652618408203,553.6295036077499,0.8581117033602039,IMG_6047
19508.5,0.7681112943554759,157.60391384247384,149.04995727539062,172.92225646972656,564.9432128667831,0.8619477927150734,IMG_6047
6025.5,0.7648743848293811,87.58941075724692,80.10736846923828,98.7088851928711,314.6345559358597,0.8115517494976608,IMG_6047
6567.5,0.7768060469687321,91.4439757996566,83.58411407470703,102.18890380859375,325.9482651948929,0.8179372804631052,IMG_6047
7513.5,0.7139232811832013,97.80841129150214,74.36052703857422,132.7591552734375,363.66399478912354,0.5601160001765415,IMG_6047
8163.5,0.729584118174346,101.9514150144347,78.23690032958984,135.79371643066406,374.977703332901,0.5761452178056958,IMG_6047
12722.0,0.7948559634413043,127.27196662313638,115.32405090332031,148.27459716796875,448.4751762151718,0.7777734899031873,IMG_6047
13506.0,0.8028227538642223,131.13494305940392,118.53921508789062,152.28790283203125,459.78888487815857,0.7783889126021759,IMG_6047
10148.5,0.8254521276164671,113.67265071135097,110.49250793457031,117.04218292236328,393.060963511467,0.9440400475772268,IMG_6047
18916.5,0.6982126769373462,155.19418754574124,143.11016845703125,186.91395568847656,583.4873695373535,0.7656473157924513,IMG_6047
10822.5,0.8317054904059733,117.38668993074258,113.88519287109375,120.71524810791016,404.3746713399887,0.9434201118427817,IMG_6047
19946.5,0.7084889382576401,159.36333511526396,146.56224060058594,190.2068328857422,594.8010762929916,0.7705414068306701,IMG_6047
6112.0,0.7989749890911535,88.21587214000276,78.9594955444336,100.85429382324219,310.0487698316574,0.7829066324416336,IMG_6047
6644.0,0.8084425248726984,91.97501582071308,82.4292984008789,104.37747192382812,321.3624790906906,0.7897230779936267,IMG_6047
9962.5,0.7719274950200576,112.62614689504413,112.75934600830078,117.07917785644531,402.7178170681,0.9631033294968878,IMG_6047
10652.5,0.7808985005175424,116.46108470339489,116.35243225097656,119.96989440917969,414.0315238237381,0.9698469172118707,IMG_6047
8569.0,0.7690481844479528,104.45281067944323,98.4814453125,112.37306213378906,374.1909053325653,0.8763794760282496,IMG_6047
9221.0,0.7797021388836481,108.35378093081448,102.19435119628906,115.47029876708984,385.5046138763428,0.885027165318251,IMG_6047
8529.5,0.7566458593849869,104.21178770570329,91.02935791015625,121.58257293701172,376.37467098236084,0.7487039936004302,IMG_6047
9163.5,0.7661356685353916,108.0154181965735,94.52433776855469,125.43697357177734,387.68837893009186,0.7535604142622759,IMG_6047
8718.0,0.7836107535029871,105.35702326376324,98.59913635253906,117.44547271728516,373.90663409233093,0.8395311804814051,IMG_6047
9386.0,0.7948258560035573,109.31892044328025,102.009765625,120.73521423339844,385.22034311294556,0.8449048297359255,IMG_6047
11808.5,0.6951225535864799,122.61749126452217,104.342529296875,151.69711303710938,462.0315251350403,0.6878346410676246,IMG_6047
12610.5,0.7072714923366489,126.71301148217877,107.50215148925781,155.47727966308594,473.34523379802704,0.691433190252694,IMG_6047
13266.0,0.7396097467574878,129.9645944111575,126.21965789794922,137.50100708007812,474.7594473361969,0.91795442504971,IMG_6047
14086.0,0.7491939716005431,133.92106715203363,129.9035186767578,140.88702392578125,486.0731556415558,0.9220403345675787,IMG_6047
13350.5,0.6916164030532976,130.37785295818762,105.32520294189453,168.9645538330078,492.5168068408966,0.623356796159686,IMG_6047
14208.5,0.7033786151379676,134.5021340773802,109.20079040527344,171.77285766601562,503.8305152654648,0.6357278553145842,IMG_6047
20280.0,0.7017128984386094,160.69006804164687,132.78057861328125,201.1175079345703,602.6416972875595,0.6602139215869701,IMG_6047
21316.0,0.7106273533967801,164.74335839594485,136.07936096191406,204.65879821777344,613.955405831337,0.664908433680504,IMG_6047
18046.5,0.685706463796038,151.58336796648607,127.14635467529297,193.09776306152344,575.0853486061096,0.6584558653576038,IMG_6047
19036.5,0.6956814781624482,155.6856595623082,130.47459411621094,196.6042938232422,586.3990569114685,0.6636406132284913,IMG_6047
14475.5,0.7156210918246566,135.76000526596133,114.13921356201172,168.5636749267578,504.17366003990173,0.6771281749262175,IMG_6047
15353.5,0.7260745280202265,139.8166061313581,117.7576904296875,171.8899688720703,515.4873688220978,0.6850759890318501,IMG_6047
11682.5,0.7612570139576635,121.96155534170815,116.52259826660156,132.0561065673828,439.1442223787308,0.8823719046051449,IMG_6047
13685.5,0.7061849401932712,132.00348400505598,118.30707550048828,154.87451171875,493.4873683452606,0.7638899014921985,IMG_6047
26925.0,0.4051914383471345,185.15392175699185,129.0769500732422,301.3765563964844,913.8031649589539,0.4282912765896475,IMG_6047
8788.5,0.6934994616317479,105.78216172353909,103.37117767333984,121.07206726074219,399.0609631538391,0.8537987333669499,IMG_6047
9474.5,0.7069766481891844,109.83309185574855,106.44908905029297,124.3172378540039,410.37467098236084,0.856269740929291,IMG_6047
6965.5,0.775563492722308,94.17404126856178,89.20997619628906,100.89949035644531,335.9482641220093,0.8841469454517463,IMG_6047
7543.5,0.7860828141293169,98.00348211012556,92.57075500488281,104.34857177734375,347.2619731426239,0.8871300625216785,IMG_6047
13598.5,0.7367475173130159,131.5832358208336,112.09658813476562,161.1827850341797,481.60511887073517,0.6954625341099233,IMG_6047
14464.5,0.7481048598987106,135.70841313205958,116.15257263183594,163.57717895507812,492.9188276529312,0.7100781011985418,IMG_6047
11207.0,0.7331747344969607,119.45373823303719,104.33637237548828,142.1204071044922,438.2741667032242,0.7341406804356838,IMG_6047
11959.0,0.7434907174860621,123.39640073959941,107.78913879394531,145.4454345703125,449.5878744125366,0.7410967495293704,IMG_6047
8183.5,0.7541882777261637,102.07622550986201,82.70191955566406,127.72219848632812,369.26197350025177,0.6475140620486328,IMG_6047
8821.5,0.7653678839066501,105.98057672932921,86.19165802001953,131.4185791015625,380.57568168640137,0.6558559574244762,IMG_6047
23457.0,0.6823322248157625,172.8189225775138,147.87481689453125,231.69227600097656,657.2691141366959,0.6382380088229958,IMG_6047
24589.0,0.6912582087300768,176.93978400996457,150.8013458251953,234.85606384277344,668.5828230381012,0.6421011378533137,IMG_6047
7442.5,0.7359157580409879,97.34518638171818,88.91368865966797,114.60631561279297,356.49242198467255,0.7758184021905941,IMG_6047
8076.5,0.7502312225004223,101.40670186458853,91.95983123779297,118.15686798095703,367.8061304092407,0.7782859583973896,IMG_6047
5992.0,0.7611080803854146,87.345585761692,84.2322769165039,101.86366271972656,314.5340507030487,0.8269119199872613,IMG_6047
6528.0,0.7726103718568644,91.16856776340813,87.60871887207031,105.2466812133789,325.84775853157043,0.8324131256400467,IMG_6047
10745.0,0.791000319377809,116.96563131184871,110.04469299316406,129.15647888183594,413.16146862506866,0.8520261154985723,IMG_6047
11465.0,0.7996120459178901,120.82090622234482,113.66756439208984,132.35128784179688,424.4751764535904,0.8588323260440035,IMG_6047
5243.5,0.8188846107705962,81.70820982507709,77.96070861816406,87.2118148803711,283.6639939546585,0.893923704318081,IMG_6047
5733.5,0.8280399761400156,85.44073343399538,81.4753646850586,90.61851501464844,294.9777022600174,0.8991028452837496,IMG_6047
8538.5,0.6812662875400456,104.26675334314955,79.79920959472656,140.534423828125,396.85995078086853,0.5678267816597149,IMG_6047
9208.5,0.6945584615808292,108.28031375875184,83.46062469482422,143.8423614501953,408.173659324646,0.5802228484946143,IMG_6047
10939.0,0.6196887680306079,118.01680973428296,88.87798309326172,171.08966064453125,470.9848427772522,0.5194819064953393,IMG_6047
3924.0,0.7624591459153651,70.68374617647807,61.14775848388672,86.38928985595703,254.30865573883057,0.7078164270807492,IMG_6047
11715.0,0.6328783575861943,122.13108231147561,92.64295959472656,173.49124145507812,482.2985500097275,0.533992141722696,IMG_6047
4376.0,0.7793955139337067,74.64379577540971,64.47918701171875,90.26410675048828,265.62236416339874,0.714339169055921,IMG_6047
9484.5,0.7913315876481364,109.89103904341178,101.21155548095703,123.6511459350586,388.0904014110565,0.8185250101451805,IMG_6047
11637.5,0.7484504793942276,121.72643592028584,111.83568572998047,137.86732482910156,442.0315248966217,0.8111834030914173,IMG_6047
10158.5,0.8002291909212721,113.72864157806578,104.65481567382812,127.06244659423828,399.4041100740433,0.8236486741675393,IMG_6047
12399.5,0.7581513774787438,125.64845297473285,115.11216735839844,141.11285400390625,453.3452339172363,0.8157454412707997,IMG_6047
5722.0,0.7725655615600278,85.3550038074781,80.56144714355469,95.27387237548828,305.07820773124695,0.8455775453951344,IMG_6047
6254.0,0.7850855503883204,89.23474722760024,83.91669464111328,98.50450897216797,316.39191591739655,0.8519071412743511,IMG_6047
7711.0,0.7278252505738703,99.08556973370462,78.49628448486328,129.42626953125,364.87719810009,0.6064942207571727,IMG_6047
8351.0,0.7415351822008122,103.11558290619,82.11186218261719,132.61549377441406,376.1909065246582,0.619172465038616,IMG_6047
4647.0,0.7294674164385007,76.92037548260085,69.07884216308594,88.71971893310547,282.9360716342926,0.778618812072334,IMG_6047
5143.0,0.7464386102335201,80.92138764611579,72.41594696044922,92.2487564086914,294.2497797012329,0.7850072974384986,IMG_6047
18849.5,0.7326488764637881,154.91910404622618,138.6323699951172,177.92845153808594,568.6000654697418,0.7791467232852451,IMG_6047
19831.5,0.7410347595491561,158.90327256357995,141.75778198242188,181.22474670410156,579.9137741327286,0.7822208862781848,IMG_6047
7291.0,0.7380575335927702,96.3493099127548,88.576171875,110.30060577392578,352.3330410718918,0.803043385423897,IMG_6047
7891.0,0.7498639722606258,100.23538919715516,91.99585723876953,113.36876678466797,363.6467492580414,0.8114744461629892,IMG_6047
10491.0,0.7043993750911621,115.57489374347956,90.08287048339844,159.73028564453125,432.6173119544983,0.563968630744652,IMG_6047
11235.0,0.7163940231434005,119.60286905045193,93.50138854980469,163.0673828125,443.93102073669434,0.5733911156059671,IMG_6047
4868.0,0.7088621894569086,78.7282039917765,77.51116943359375,85.89247131347656,293.7644990682602,0.9024209950917109,IMG_6047
5384.0,0.7269299184185808,82.79566237946355,81.2470703125,89.05326080322266,305.0782073736191,0.9123424519179407,IMG_6047
21527.5,0.6798060624210197,165.5586430824021,157.087158203125,188.77923583984375,630.8254618644714,0.8321209560165524,IMG_6047
10710.5,0.7259732435011698,116.7777039673497,108.08663177490234,132.32122802734375,430.5756813287735,0.8168502770588449,IMG_6047
22597.5,0.688671216763421,169.6232018685912,159.73623657226562,192.46710205078125,642.1391718387604,0.8299404670732778,IMG_6047
11464.5,0.7377986144224419,120.81827163395556,111.36784362792969,136.0749969482422,441.8893896341324,0.8184298815034318,IMG_6047
3937.5,0.7099031216243368,70.80523079119723,67.84306335449219,80.79753112792969,264.00714004039764,0.8396675295322301,IMG_6047
4391.5,0.7280220818218597,74.77587485749977,71.59126281738281,83.36573791503906,275.3208485841751,0.8587612202310735,IMG_6047
10455.5,0.6804973584142177,115.37918382437317,114.7680435180664,133.00439453125,439.4041085243225,0.8628891092098548,IMG_6047
11225.5,0.6943942358206502,119.55229194551048,118.03231048583984,136.77833557128906,450.71781635284424,0.8629459482223428,IMG_6047
4599.5,0.7690353143714471,76.52623919943656,72.25739288330078,83.36353302001953,274.1492751836777,0.866774598743894,IMG_6047
13128.5,0.6455103297987425,129.28930877321443,98.0011215209961,181.47442626953125,505.5462439060211,0.5400271737211164,IMG_6047
5065.5,0.7811466647046299,80.30937002527145,75.39320373535156,87.06458282470703,285.46298348903656,0.8659457300466914,IMG_6047
14022.5,0.659613516943696,133.61886661713913,101.66807556152344,183.6968231201172,516.8599520921707,0.5534558183134386,IMG_6047
4015.5,0.7331391516589556,71.50310057531803,66.06493377685547,80.48532104492188,262.35028529167175,0.8208320836538895,IMG_6047
4469.5,0.7499520258877856,75.43702105195969,69.34280395507812,83.8282699584961,273.6639943122864,0.8272007043615499,IMG_6047
18306.0,0.6877184736654122,152.66932601515566,146.18321228027344,175.88795471191406,578.3574253320694,0.8311155389788126,IMG_6047
19310.0,0.6978665814399043,156.80004977306606,148.960693359375,179.8446807861328,589.6711333990097,0.8282741124632741,IMG_6047
5521.5,0.7362974126425396,83.84624109794787,72.3087387084961,101.1478042602539,306.97770369052887,0.7148819417023159,IMG_6047
6051.5,0.750625060909424,87.77818125801444,75.60201263427734,104.74600219726562,318.29141199588776,0.7217651370779564,IMG_6047
4543.5,0.7631612602441513,76.0589499763454,66.09294128417969,89.14173126220703,273.52185928821564,0.7414365903413946,IMG_6047
5021.5,0.7777766354870312,79.95981724521148,69.55415344238281,92.78824615478516,284.8355677127838,0.7496009066315977,IMG_6047
5975.0,0.7298857702916436,87.22159296752494,69.18938446044922,110.93121337890625,320.7350618839264,0.6237143032423162,IMG_6047
6535.0,0.7448206375347962,91.21743487318797,72.51075744628906,114.42711639404297,332.0487710237503,0.6336850890884107,IMG_6047
15286.0,0.6879411769355687,139.50892330177916,113.02825164794922,178.51943969726562,528.4163016080856,0.6331425408886743,IMG_6047
16210.0,0.6992617059781207,143.66354102609677,116.3792724609375,181.67274475097656,539.730010509491,0.6405984156867423,IMG_6047
6059.5,0.7849351485493334,87.83618287085748,84.64256286621094,96.36809539794922,311.4629828929901,0.878325575665701,IMG_6047
6593.5,0.795282715953503,91.62480525606205,88.22122192382812,99.73353576660156,322.776691198349,0.8845692799890822,IMG_6047
5362.0,0.7279073870066654,82.62633017912597,75.96282958984375,100.51411437988281,304.24978041648865,0.755742912908231,IMG_6047
5894.0,0.7437834289722849,86.62836646658558,79.30646514892578,104.06188201904297,315.56348860263824,0.762108695424257,IMG_6047
7246.5,0.7763118773452282,96.05482997186219,88.37399291992188,107.56087493896484,342.4924205541611,0.8216183902378024,IMG_6047
7852.5,0.7882919742800539,99.99056718027389,91.72528076171875,111.106689453125,353.80612909793854,0.8255603799662926,IMG_6047
8525.5,0.647466945183637,104.187349225516,91.77183532714844,128.24984741210938,406.7766923904419,0.7155707174625716,IMG_6047
9243.5,0.6645167286751829,108.4858964647455,95.05741882324219,132.30833435058594,418.09039998054504,0.7184537488875221,IMG_6047
5652.5,0.8369650134849737,84.83505482178641,83.19027709960938,89.03897094726562,291.32084798812866,0.9343131014943984,IMG_6047
6154.5,0.8444337944602228,88.52204684750889,86.46116638183594,92.78215789794922,302.634556889534,0.9318727688672027,IMG_6047
10538.0,0.7214995818335996,115.8334939575732,109.33871459960938,133.4567413330078,428.4163011312485,0.8192820647911824,IMG_6047
11262.0,0.7319024073212783,119.74649787282884,112.41506958007812,137.18276977539062,439.7300100326538,0.8194547300957353,IMG_6047
10122.5,0.6900560346333707,113.52694522262847,90.48200988769531,149.4820098876953,429.3452333211899,0.6053036747075702,IMG_6047
10852.5,0.7023191065510251,117.5492754517796,93.19770812988281,153.3826141357422,440.6589421033859,0.6076158543458107,IMG_6047
3854.0,0.6961276554355473,70.05044757465377,57.71267318725586,90.95658111572266,263.7644999027252,0.6345079430132594,IMG_6047
4310.0,0.7157720897463845,74.07875834413366,60.77577590942383,94.9120864868164,275.0782084465027,0.640337581429798,IMG_6047
5359.5,0.7306610528644295,82.60706592058638,82.84406280517578,84.03570556640625,303.6051194667816,0.9858198041749192,IMG_6047
5869.5,0.7437272911614328,86.44813189319383,86.1783218383789,87.25831604003906,314.9188278913498,0.9876230226450325,IMG_6047
21578.5,0.4250023568030183,165.75463648437622,106.44426727294922,312.0806579589844,798.7665853500366,0.34107934778495247,IMG_6047
22964.5,0.4397549347334152,170.99505701940814,110.23786926269531,313.7045593261719,810.080295085907,0.3514066531244653,IMG_6047
6032.5,0.7772972191354063,87.6402735824967,82.50299072265625,95.07554626464844,312.291411280632,0.8677624685216562,IMG_6047
6566.5,0.7879760993906202,91.43701367883493,86.20950317382812,98.29167938232422,323.6051197052002,0.8770783418858867,IMG_6047
4229.5,0.7722106905371134,73.38369474520461,63.6458854675293,86.61454010009766,262.3502858877182,0.7348175652029761,IMG_6047
12177.0,0.7874643420977471,124.51601477818055,108.78192901611328,147.16915893554688,440.81832134723663,0.7391625378776175,IMG_6047
4683.5,0.7858597845677087,77.22187130448947,67.0283203125,90.43338775634766,273.66399455070496,0.7411899739186225,IMG_6047
12949.0,0.7960045430140928,128.4024098869473,112.12184143066406,150.7587127685547,452.1320297718048,0.7437171581770794,IMG_6047
8131.5,0.7466181470300579,101.751399784052,91.15968322753906,117.29678344726562,369.94826459884644,0.777171210909826,IMG_6047
8777.5,0.7588111790261971,105.71594063296648,94.62322998046875,120.49463653564453,381.2619729042053,0.7852899739025102,IMG_6047
6643.5,0.7448972558115315,91.9715549256837,85.28404998779297,102.48716735839844,334.7766926288605,0.8321436935568135,IMG_6047
7217.5,0.7572121048169688,95.86243484350915,88.95652770996094,105.84513092041016,346.09040117263794,0.8404404334560411,IMG_6047
5362.0,0.8243055140283065,82.62633017912597,76.81352233886719,90.76358795166016,285.90663516521454,0.8463032816615552,IMG_6047
5854.0,0.832732511652339,86.33391161577033,80.18868255615234,94.3921127319336,297.2203427553177,0.8495273623536967,IMG_6047
5591.0,0.7648740678357469,84.37228392436876,71.42613983154297,102.6060562133789,303.0782072544098,0.6961201167600246,IMG_6047
6119.0,0.7779426338784357,88.26637397239371,74.81755828857422,106.41007995605469,314.39191722869873,0.7031059305610186,IMG_6047
11505.5,0.7182616898810864,121.0341174295513,93.63714599609375,161.10140991210938,448.65894305706024,0.58123107704134,IMG_6047
5902.5,0.7548720257872732,86.6908092752588,71.49674224853516,108.13937377929688,313.4629844427109,0.6611536552306455,IMG_6047
12267.5,0.728621373655725,124.9778624998788,96.89857482910156,165.22354125976562,459.9726527929306,0.5864695435667786,IMG_6047
6440.5,0.7672903558223451,90.55550390708902,74.89804077148438,111.79731750488281,324.7766923904419,0.6699448827849842,IMG_6047
8224.5,0.7032977607566316,102.33161112615372,93.73046875,122.63455963134766,383.3452330827713,0.7643071335826019,IMG_6047
8862.5,0.7150266311539689,106.22657607781294,97.17034912109375,125.36893463134766,394.6589421033859,0.7750751763730547,IMG_6047
5424.0,0.7553583976296177,83.1026551359433,80.03535461425781,90.3075942993164,300.3919163942337,0.8862527590867698,IMG_6047
5940.0,0.768257895677703,86.96575702957381,83.2353744506836,93.77267456054688,311.70562410354614,0.8876293103588553,IMG_6047
10004.5,0.7024240062591011,112.86330238524361,97.40122985839844,137.31997680664062,423.06096279621124,0.7093012402379625,IMG_6047
11421.5,0.7318131189489286,120.59148170659759,97.72089385986328,156.09710693359375,442.8599520921707,0.6260262972166124,IMG_6047
10738.5,0.7151950485177074,116.93024780243367,100.72225189208984,140.8206329345703,434.3746712207794,0.7152520890805012,IMG_6047
12183.5,0.742229212824335,124.54924324652019,100.88091278076172,159.91366577148438,454.1736606359482,0.6308461024520563,IMG_6047
6236.5,0.7241322095576251,89.10981102404405,83.14246368408203,98.98384094238281,328.9777020215988,0.8399599661168752,IMG_6047
6238.5,0.7150223914114687,89.12409831145735,72.44589233398438,112.44676208496094,331.1198377609253,0.644268371900711,IMG_6047
6810.5,0.7390722359462575,93.12034106154694,86.64090728759766,102.32194519042969,340.2914103269577,0.8467480473162594,IMG_6047
6808.5,0.7296401093057033,93.1066670025802,75.37005615234375,116.44374084472656,342.4335459470749,0.6472658436218306,IMG_6047
10719.5,0.7419606829106398,116.82675763620497,97.5953369140625,145.79959106445312,426.0904006958008,0.6693800455923011,IMG_6047
11469.5,0.7533358464128416,120.84461493314441,101.23258209228516,149.82388305664062,437.4041087627411,0.6756772019719605,IMG_6047
13077.5,0.7947868121367287,129.0379407239363,125.5605697631836,136.13868713378906,454.7178158760071,0.9222989614979178,IMG_6047
13871.5,0.8026065480291581,132.89748810565914,129.25933837890625,139.68028259277344,466.031525015831,0.9253943074825485,IMG_6047
7666.5,0.7104977143957477,98.79924579525962,85.88406372070312,122.83953857421875,368.23253643512726,0.6991565152193453,IMG_6047
8292.5,0.7233790841088975,102.75377815300193,88.85331726074219,127.0209732055664,379.5462443828583,0.6995168988112302,IMG_6047
8667.0,0.7068446709871966,105.04840376807091,83.98895263671875,134.751953125,392.5340509414673,0.6232856050613831,IMG_6047
9359.0,0.7211140456184566,109.16157244734242,87.7464599609375,138.05227661132812,403.8477599620819,0.6356031361074802,IMG_6047
4647.0,0.7744686528450588,76.92037548260085,65.5049819946289,92.66480255126953,274.59292685985565,0.7069025152067457,IMG_6047
5123.0,0.7875638078706633,80.7638916080586,69.1479721069336,95.85961151123047,285.9066355228424,0.7213462585213225,IMG_6047
7218.0,0.6820432773617343,95.86575527214296,93.85123443603516,112.0293960571289,364.6761864423752,0.8377375737005324,IMG_6047
7846.0,0.6974383427507793,99.94917442376443,96.86021423339844,116.2337875366211,375.9898958206177,0.8333223607884348,IMG_6047
5570.0,0.7359682674427717,84.21368216729901,68.51190948486328,106.55106353759766,308.39191579818726,0.642996017216554,IMG_6047
6102.0,0.7502076940074438,88.14367647184886,71.59090423583984,110.56134796142578,319.705624461174,0.6475219916893334,IMG_6047
4147.0,0.6995552545541177,72.66446443769279,69.584228515625,85.04290771484375,272.9360727071762,0.8182249453293267,IMG_6047
4623.0,0.7190075976614061,76.72148600822756,73.59552764892578,88.0173110961914,284.2497811317444,0.8361483295995659,IMG_6047
3532.5,0.8232601855650303,67.0650333018404,62.547584533691406,74.33842468261719,232.20815134048462,0.8413896958502152,IMG_6047
3934.5,0.8337263187700732,70.77825223019072,66.21389770507812,77.96715545654297,243.52185940742493,0.8492537314893343,IMG_6047
7016.5,0.7491827874040446,94.51817426100797,92.99576568603516,102.82842254638672,343.0609622001648,0.9043780248995265,IMG_6047
7590.5,0.7595474400426285,98.30831482795467,96.18248748779297,105.93040466308594,354.3746702671051,0.9079780993351584,IMG_6047
6929.0,0.721630060697931,93.92697591996637,94.77350616455078,100.61884307861328,347.3624782562256,0.9419061406868339,IMG_6047
7529.0,0.7354312409040703,97.90924640865663,98.56995391845703,104.40418243408203,358.6761862039566,0.9441188237903345,IMG_6047
13538.0,0.7354372616816606,131.290201297068,121.16033935546875,150.39637756347656,480.9604573249817,0.8056067660561279,IMG_6047
14382.0,0.7457874241255666,135.3208451510007,124.22840881347656,153.9884796142578,492.2741674184799,0.8067383295469217,IMG_6047
4846.0,0.7846086695078439,78.55010397056517,71.88973999023438,91.37602996826172,278.5929266214371,0.7867461523027904,IMG_6047
12845.0,0.7898171092259582,127.88573787613365,120.16204833984375,140.3060760498047,452.073154091835,0.8564279732061613,IMG_6047
5330.0,0.796931076384017,82.37940745986474,75.2485580444336,94.796142578125,289.90663516521454,0.7937934603448498,IMG_6047
13613.0,0.7966659838233013,131.65337034227332,123.62590789794922,143.7155303955078,463.38686287403107,0.8602125849428272,IMG_6047
11666.5,0.7507983407001302,121.87800929065413,106.0908432006836,144.3561248779297,441.8893885612488,0.7349244328246969,IMG_6047
12436.5,0.760890742596783,125.835780277705,109.84130859375,147.4356231689453,453.20309698581696,0.7450120007149406,IMG_6047
7387.0,0.7632850126018892,96.98154730132246,94.9224853515625,106.92955780029297,348.73506224155426,0.8877104451216802,IMG_6047
8003.0,0.775782571007978,100.94422260097656,98.44742584228516,110.22933959960938,360.0487697124481,0.8931145391950985,IMG_6047
4567.0,0.8193909560072213,76.25539325716895,74.43631744384766,83.09627532958984,264.6518015861511,0.8957840426494007,IMG_6047
5043.0,0.8321262389392136,80.13081195207887,77.82102966308594,86.48467254638672,275.9655101299286,0.8998245281133027,IMG_6047
12583.5,0.7853526065007616,126.57728789626881,118.48592376708984,139.27256774902344,448.7178168296814,0.8507484688629262,IMG_6047
13365.5,0.793633307240402,130.45107563817868,121.98468780517578,142.6461181640625,460.0315251350403,0.8551560279045011,IMG_6047
5029.0,0.721049331826444,80.01950806192909,70.49740600585938,94.36735534667969,296.04876959323883,0.747052895006661,IMG_6047
5533.0,0.7359847852818511,83.93351178772193,73.33770751953125,98.01268005371094,307.362478017807,0.7482471398531516,IMG_6047
10097.5,0.7360419349902833,113.38666721869599,108.06031036376953,124.19561004638672,415.2030965089798,0.8700815618475508,IMG_6047
17273.5,0.790023158034655,148.3013933716836,140.1518096923828,161.82644653320312,524.1736594438553,0.8660624557657011,IMG_6047
10807.5,0.7465567244075949,117.30531266624403,111.02642059326172,127.73423767089844,426.5168060064316,0.8691986002947489,IMG_6047
18191.5,0.7972231724625564,152.1911205624353,143.64491271972656,165.14608764648438,535.4873682260513,0.8698051208286343,IMG_6047
5626.5,0.6934156487517509,84.6397205716819,81.95157623291016,95.72638702392578,319.32084834575653,0.8561022595831099,IMG_6047
6184.5,0.710915484988827,88.73753413530609,85.72145080566406,98.56363677978516,330.63455629348755,0.8697066545665961,IMG_6047
8992.5,0.6911539600921839,107.00283457007554,89.10585021972656,139.13912963867188,404.35028624534607,0.6404082766014426,IMG_6047
9730.5,0.7077179445239126,111.30704106230432,92.75765228271484,143.00588989257812,415.66399443149567,0.6486281953309175,IMG_6047
6600.5,0.7174813639123947,91.67342916584086,88.40377807617188,99.55791473388672,340.00714004039764,0.8879633358379463,IMG_6047
7206.5,0.7337133296216919,95.78935629355671,91.87149810791016,103.1617202758789,351.3208484649658,0.8905580273596057,IMG_6047
10961.0,0.6926672820227906,118.1354250419497,105.76344299316406,139.64222717285156,445.93101978302,0.75738868631942,IMG_6047
11725.0,0.7047341250306957,122.18319713454785,108.86141967773438,143.43057250976562,457.2447280883789,0.7589833727416966,IMG_6047
4616.5,0.7276897209573859,76.66753131717415,71.6887435913086,85.21739196777344,282.3502858877182,0.8412454539610769,IMG_6047
5110.5,0.744683714305446,80.66530042942287,74.82079315185547,88.72823333740234,293.66399335861206,0.8432580063590158,IMG_6047
16298.0,0.7612209310595812,144.0529697718644,140.47323608398438,156.67860412597656,518.7005733251572,0.8965693616407103,IMG_6047
17186.0,0.7687931936167639,147.92530147279913,144.04898071289062,159.75680541992188,530.0142800807953,0.9016766474157822,IMG_6047
7012.0,0.7048828585062783,94.48786000160528,86.55413055419922,110.63059997558594,353.5634890794754,0.7823706151218566,IMG_6047
7636.0,0.7207461627015449,98.60252108134813,90.18946075439453,113.79566192626953,364.87719655036926,0.7925562295408948,IMG_6047
5656.5,0.7556987526157762,84.86506633942172,73.48320770263672,102.47879791259766,306.69343173503876,0.7170576665556639,IMG_6047
6202.5,0.7707311215035421,88.8665756976145,77.13154602050781,105.9325180053711,318.0071396827698,0.7281196319396185,IMG_6047
5059.5,0.7294141195055084,80.26179338008562,70.10799407958984,106.19908905029297,295.23758840560913,0.660156265995734,IMG_6047
5597.5,0.7485100758944743,84.42131455772927,73.91075897216797,107.88947296142578,306.5512968301773,0.6850599687199661,IMG_6047
14207.0,0.6403551528904771,134.49503415387667,113.6670913696289,174.476806640625,528.0142798423767,0.6514739325998347,IMG_6047
15107.0,0.6526527560622403,138.689688882462,116.66513061523438,178.16444396972656,539.3279882669449,0.6548171341923753,IMG_6047
17945.5,0.680858766320284,151.15859304070298,119.08248138427734,198.8393096923828,575.5117526054382,0.5988880245485945,IMG_6047
18911.5,0.6901093990826194,155.17367576447697,122.646484375,202.09925842285156,586.8254619836807,0.6068626145989472,IMG_6047
5159.0,0.7411110773399376,81.04716411626445,69.13362884521484,97.88984680175781,295.7644988298416,0.7062390135845367,IMG_6047
5679.0,0.7568045580194211,85.0336837644412,72.7951431274414,101.16988372802734,307.07820749282837,0.719533723327536,IMG_6047
8718.0,0.7127652801987389,105.35702326376324,98.97016143798828,117.4171142578125,392.04877042770386,0.8428938325011098,IMG_6047
9414.0,0.727098193250981,109.4818572830075,102.23796081542969,121.00798797607422,403.3624778985977,0.8448860486436999,IMG_6047
11946.5,0.7602421715675088,123.33189458197187,100.60639190673828,155.0441436767578,444.37467181682587,0.6488886940256607,IMG_6047
12716.5,0.7695583422103563,127.24445241590965,104.25865173339844,158.06756591796875,455.68838036060333,0.65958282540711,IMG_6047
18058.0,0.7415447811213419,151.6316579703182,132.5653533935547,176.84213256835938,553.1858528852463,0.7496253945157032,IMG_6047
13411.5,0.7071939427851018,130.67536934792125,114.14959716796875,158.59005737304688,488.17366003990173,0.7197777657615566,IMG_6047
19010.0,0.7496607322972385,155.57725973102703,136.08160400390625,180.4959716796875,564.4995616674423,0.7539315295379553,IMG_6047
14257.5,0.7181319064311341,134.7338591782392,117.09710693359375,162.38357543945312,499.4873695373535,0.721114229790161,IMG_6047
14990.0,0.7160501163497602,138.15158622172996,109.49652099609375,181.11138916015625,512.9015820026398,0.6045810895926943,IMG_6047
15878.0,0.7260830405204531,142.18473016222563,113.04913330078125,184.48377990722656,524.215290427208,0.6127863021758961,IMG_6047
10183.5,0.6132713772350187,113.86849829435062,81.95960235595703,172.59213256835938,456.8010758161545,0.4748744982538234,IMG_6047
10953.5,0.6281423324018504,118.0950013897989,84.81395721435547,176.32460021972656,468.1147836446762,0.4810103474425277,IMG_6047
7741.5,0.7613298057789312,99.28133729743602,96.42717742919922,104.95256042480469,357.46298265457153,0.918769175700924,IMG_6047
8367.5,0.7731765212667886,103.2174011035517,99.80721282958984,108.37539672851562,368.77669155597687,0.9209397690105864,IMG_6047
12547.5,0.7753956491269277,126.39609640951913,121.6592025756836,137.46971130371094,450.943212389946,0.8849891472231487,IMG_6047
13297.5,0.7820112813169536,130.11880281541107,125.05915069580078,140.80699157714844,462.25692117214203,0.8881600927272182,IMG_6047
10033.0,0.7796565645534259,113.0239459244274,100.49024963378906,130.8160858154297,402.13203179836273,0.768179608856148,IMG_6047
10721.0,0.7881486184739869,116.83493124535008,103.97000122070312,134.41102600097656,413.4457392692566,0.7735228597983304,IMG_6047
7468.5,0.791755110312761,97.51507339819092,87.78591918945312,108.76231384277344,344.29140985012054,0.8071354505785547,IMG_6047
8066.5,0.8016023732249722,101.34390355421577,91.11713409423828,112.53610229492188,355.60511887073517,0.8096702501340309,IMG_6047
11254.5,0.7088984136406966,119.70661826407881,113.38752746582031,135.08505249023438,446.65894162654877,0.8393787867389501,IMG_6047
12012.5,0.7197210077640354,123.67210692444414,116.55030822753906,138.29592895507812,457.97264981269836,0.8427602251791333,IMG_6047
4698.5,0.6908154619825091,77.34543296755253,73.79672241210938,87.25422668457031,292.3502858877182,0.8457667349329598,IMG_6047
5212.5,0.7103450034663106,81.46631897251794,77.1968994140625,90.51773071289062,303.66399478912354,0.8528373259700919,IMG_6047
11370.5,0.7804164053636005,120.32194414740466,109.54967498779297,133.65774536132812,427.8893903493881,0.81962833273626,IMG_6047
12112.5,0.7890651563937168,124.18580428376127,113.12858581542969,137.10081481933594,439.20309710502625,0.8251488947349032,IMG_6047
11461.0,0.8108659090479728,120.79982790637452,111.97134399414062,131.09445190429688,421.445739030838,0.8541272522797781,IMG_6047
12181.0,0.8173342400951985,124.53646411561161,115.42804718017578,134.70257568359375,432.75944697856903,0.8569104680767768,IMG_6047
8171.0,0.7546080888070673,101.99823684765838,78.39143371582031,135.80435180664062,368.8771970272064,0.5772380094817189,IMG_6047
8819.0,0.7667005218178752,105.96555829617188,82.03697967529297,139.0242462158203,380.1909054517746,0.590091166888539,IMG_6047
9781.0,0.6806064836185387,111.59550164345616,97.95626831054688,135.9218292236328,424.9604570865631,0.720680915420723,IMG_6047
10513.0,0.6940927933544845,115.69601260977305,101.4400405883789,139.122314453125,436.2741656303406,0.7291428480551729,IMG_6047
7600.0,0.7435446381324973,98.3698151873187,90.21539306640625,113.00148010253906,358.39191603660583,0.798355853255582,IMG_6047
8232.0,0.756838315903767,102.37825908004034,93.47653198242188,116.6322250366211,369.7056243419647,0.8014640203689107,IMG_6047
7946.5,0.714106038653176,100.58726580555796,83.53583526611328,126.74823760986328,373.94826543331146,0.6590690083063743,IMG_6047
8600.5,0.7281507044257679,104.64462100124769,86.95423126220703,129.9516143798828,385.26197361946106,0.6691277494099989,IMG_6047
5536.5,0.7645364880898838,83.9600544272467,80.58778381347656,93.53919219970703,301.6639931201935,0.8615403011116549,IMG_6047
6062.5,0.7777406898215703,87.857923603719,84.22418975830078,96.3470687866211,312.9777019023895,0.8741749055680279,IMG_6047
19571.0,0.7289635261257333,157.8561722898787,139.1085968017578,186.84811401367188,580.8427073955536,0.7445009415057788,IMG_6047
20575.0,0.7373553369427456,161.85457556994172,142.65406799316406,189.94012451171875,592.1564170122147,0.7510475649096604,IMG_6047
8730.0,0.7518312260762519,105.4295083244628,102.95964813232422,112.59397888183594,381.98989474773407,0.9144329843816723,IMG_6047
6862.5,0.7016631120722432,93.47516448632254,86.68534851074219,104.88593292236328,350.5756824016571,0.8264725887970774,IMG_6047
7456.5,0.7154728935010747,97.43670081297776,90.11439514160156,108.06482696533203,361.88939023017883,0.8338920041995802,IMG_6047
11979.0,0.7386170244109826,123.49954051081532,106.75399780273438,147.7926025390625,451.44573843479156,0.7223230119012123,IMG_6047
22130.5,0.4001327740551071,167.86133487126068,116.01863861083984,277.7495422363281,833.6782717704773,0.41770955831899564,IMG_6047
11257.5,0.7281394783441019,119.72257170164737,115.17081451416016,135.5274658203125,440.7766914367676,0.8497968571688489,IMG_6047
12043.5,0.740477745271861,123.83158101638665,118.3983383178711,138.5550994873047,452.0904002189636,0.8545216939396699,IMG_6047
6182.5,0.7242581813631978,88.72318459864448,84.60607147216797,99.63294219970703,327.5218584537506,0.8491776876625927,IMG_6047
6768.5,0.7408398154002264,92.83276285094583,87.59068298339844,103.74331665039062,338.8355669975281,0.8443019349243894,IMG_6047
7515.0,0.7279027536932342,97.81817407151264,84.54356384277344,115.822265625,360.1909056901932,0.7299422385372928,IMG_6047
8139.0,0.741058492407277,101.7983136137308,87.9547348022461,119.29793548583984,371.50461399555206,0.7372695465688587,IMG_6047
11982.0,0.6527708139278898,123.51500404815894,98.50212097167969,168.7104034423828,480.27416479587555,0.5838532714155927,IMG_6047
8359.0,0.7624974947634228,103.1649618545038,92.11516571044922,117.37483978271484,371.1614682674408,0.7847948153196501,IMG_6047
9336.0,0.7260063797715078,109.02735615269903,88.87043762207031,137.3095703125,401.98989391326904,0.6472268278155116,IMG_6047
10032.0,0.7380044912826442,113.01831317438405,92.0775146484375,140.8822479248047,413.30360305309296,0.6535778354245418,IMG_6047
5077.5,0.7518248313928215,80.40443886000816,71.63573455810547,93.26605987548828,291.3208478689194,0.7680793490551692,IMG_6047
5579.5,0.765540402657529,84.28546754838487,74.8760757446289,96.77936553955078,302.63455522060394,0.7736781009793801,IMG_6047
11827.0,0.7569651385940924,122.71350412885604,121.8746109008789,126.44322204589844,443.1025924682617,0.9638682796033057,IMG_6047
12587.0,0.765992106265061,126.59488990311375,125.04390716552734,130.03921508789062,454.4162998199463,0.9615861421572941,IMG_6047
12294.0,0.6787026113604407,125.11277697730992,98.57923889160156,168.75148010253906,477.10259234905243,0.5841681437798443,IMG_6047
13122.0,0.6912411683232501,129.2572988500642,102.574951171875,171.60252380371094,488.4163018465042,0.5977473343527643,IMG_6047
12906.5,0.754800565029139,128.19152149859357,122.92406463623047,136.7616729736328,463.5462441444397,0.8988195447121344,IMG_6047
13716.5,0.7644024721169326,132.15290467999506,126.29826354980469,140.09573364257812,474.85995221138,0.9015139880849299,IMG_6047
8547.0,0.6895118293037893,104.31863874136508,85.1614990234375,132.00875854492188,394.6761865615845,0.6451200659875723,IMG_6047
18184.0,0.4311122817360216,152.15974461553293,126.54936981201172,202.7202911376953,728.0386667251587,0.6242560579495942,IMG_6047
6702.0,0.6070432308034276,92.37559974806692,88.59198760986328,108.10743713378906,372.4751754999161,0.8194809715100885,IMG_6047
7334.0,0.6256997566312072,96.63301103188125,91.40726470947266,111.04373168945312,383.78888404369354,0.8231645615540356,IMG_6047
10925.5,0.8057881067455245,117.9439640083545,108.67530059814453,130.59840393066406,412.77669191360474,0.8321334513080365,IMG_6047
11655.5,0.814373978184994,121.82053814386427,112.32762145996094,133.93124389648438,424.0904006958008,0.8386961711994484,IMG_6047
15683.5,0.7312683934739861,141.31118993149101,133.05416870117188,159.2715301513672,519.1442219018936,0.8353920413442436,IMG_6047
29392.5,0.363586993069849,193.4520439763516,162.21725463867188,279.92767333984375,1007.9036692380905,0.5794970275830266,IMG_6047
21635.5,0.6333891823903179,165.9734140460984,129.4805450439453,236.99224853515625,655.1686064004898,0.5463492829164737,IMG_6047
22757.5,0.6438091635487527,170.2226452012495,132.68878173828125,240.9882049560547,666.4823162555695,0.5506028054878357,IMG_6047
12186.5,0.7676032269609798,124.56457647306902,103.04373168945312,150.7601776123047,446.65894162654877,0.683494363839506,IMG_6047
12944.5,0.7755611709137303,128.3800969263706,106.62068939208984,154.45802307128906,457.9726502895355,0.6902890977885933,IMG_6047
6144.5,0.7718299285655554,88.45010108883544,76.69639587402344,103.90331268310547,316.29141116142273,0.7381515939529247,IMG_6047
6686.5,0.7829019118352047,92.2687174283444,80.0233154296875,107.62085723876953,327.6051193475723,0.7435669765401177,IMG_6047
5879.0,0.6824494523729828,86.51806333649651,64.3219223022461,119.34660339355469,329.0193327665329,0.5389505899061037,IMG_6047
6439.0,0.6985862923621491,90.54495805151005,67.648681640625,122.80313110351562,340.33304131031036,0.5508709837667025,IMG_6047
11272.5,0.7531379601989323,119.80230702297482,108.7929458618164,141.26385498046875,433.68837904930115,0.7701400041564646,IMG_6047
12014.5,0.7624150639872271,123.68240178061151,111.82294464111328,144.61582946777344,445.0020878314972,0.7732413875621561,IMG_6047
13271.5,0.7685533266920365,129.9915328702324,111.7132797241211,153.737548828125,465.8305150270462,0.7266492836373627,IMG_6047
14069.5,0.7765853407733831,133.84260821820297,115.03085327148438,157.14572143554688,477.14422273635864,0.7320011784009286,IMG_6047
7697.0,0.7856354313791899,98.99557957720408,93.20393371582031,107.4057388305664,350.87719666957855,0.8677742430769962,IMG_6047
8309.0,0.7959458848693481,102.8559545053395,96.66139221191406,110.76868438720703,362.19090509414673,0.8726418729866015,IMG_6047
8627.0,0.7446223024975865,104.80571335776618,93.2673110961914,124.67036437988281,381.5634888410568,0.7481113218855828,IMG_6047
9307.0,0.7577150838697312,108.85789104539073,96.88191223144531,127.63456726074219,392.87719690799713,0.7590570039974134,IMG_6047
12508.5,0.7456187935481905,126.19951206450753,108.2959213256836,151.6466064453125,459.1442241668701,0.7141334967145326,IMG_6047
13286.5,0.7543603680237883,130.06497303703154,111.31917572021484,155.5226593017578,470.45793294906616,0.7157746415859843,IMG_6047
7499.5,0.7610791579529309,97.71724497621366,83.7803726196289,119.27869415283203,351.88938987255096,0.7023917658947619,IMG_6047
8089.5,0.7706061201752293,101.48828157543657,86.99364471435547,123.15009307861328,363.20309841632843,0.7064034020568931,IMG_6047
14820.5,0.698940177731682,137.36828845387672,139.26026916503906,156.26719665527344,516.1980466842651,0.8911676419987761,IMG_6047
15674.5,0.7078468031272861,141.27063829384826,142.5989990234375,159.26234436035156,527.5117559432983,0.8953717188840878,IMG_6047
12107.0,0.7257013982101024,124.15760616292751,115.91200256347656,142.49815368652344,457.8721445798874,0.8134281010999427,IMG_6047
12875.0,0.7349660616274789,128.0349918517013,118.9865493774414,145.8754425048828,469.1858525276184,0.8156722429373856,IMG_6047
17620.0,0.7732886866976656,149.78144337077796,139.21788024902344,171.34649658203125,535.102593421936,0.8124932988190604,IMG_6047
18564.0,0.7813293315223538,153.7414027139845,142.5211944580078,174.7237091064453,546.4163019657135,0.8156946483501042,IMG_6047
6946.0,0.6898635153390058,94.04212820715213,96.05541229248047,106.6316146850586,355.70562493801117,0.9008155093232394,IMG_6047
13286.0,0.7743636089500933,130.06252569957024,122.72179412841797,141.2791290283203,464.3330411911011,0.8686477257643456,IMG_6047
7566.0,0.7058270804033308,98.14953079595561,99.53973388671875,109.59465026855469,367.01933336257935,0.9082535839368344,IMG_6047
14110.0,0.783732418899156,134.0351072525894,126.03289031982422,145.02371215820312,475.64674937725067,0.8690502294020563,IMG_6047
10613.5,0.7089163791117947,116.24770065703085,102.63391876220703,136.3102569580078,433.74725449085236,0.7529434765413492,IMG_6047
11375.5,0.7216744850062654,120.34839608875077,106.41410064697266,139.7781982421875,445.06096363067627,0.761306856041982,IMG_6047
19371.5,0.7987428564480931,157.04954581544388,149.46592712402344,167.79611206054688,552.0559104681015,0.8907591796292083,IMG_6047
20305.5,0.8039641958456765,160.7910618648308,152.78773498535156,171.4647979736328,563.3696177005768,0.8910734844177559,IMG_6047
14621.5,0.6756382153741801,136.44292580909126,104.5053482055664,182.63864135742188,521.4873683452606,0.5721973588330115,IMG_6047
15527.5,0.6873551892854329,140.60663935559813,108.05384063720703,186.4843292236328,532.8010758161545,0.579425848204266,IMG_6047
14675.5,0.7686189694642984,136.69464853739112,127.1247329711914,148.76773071289062,489.8305140733719,0.8545181966681443,IMG_6047
15521.5,0.7766370371896948,140.57947074024298,130.54776000976562,152.36753845214844,501.1442222595215,0.856795097800734,IMG_6047
5231.0,0.7858450291799375,81.61075945308704,77.1836929321289,87.31745910644531,289.22034299373627,0.8839434143180607,IMG_6047
5723.0,0.7962441225771062,85.36246197550382,80.66077423095703,90.72998046875,300.534050822258,0.8890200770928074,IMG_6047
11914.5,0.7227491957956782,123.16660487220997,109.67949676513672,143.38134765625,455.14422249794006,0.7649495457950927,IMG_6047
12684.5,0.7325853941884548,127.08425160181403,112.8783950805664,147.00584411621094,466.45792984962463,0.7678497120926285,IMG_6047
6802.5,0.7475865737080161,93.06563277096946,79.69337463378906,113.82658386230469,338.1492750644684,0.7001297230372269,IMG_6047
7396.5,0.7610860566030462,97.04388848677505,83.3581314086914,117.00929260253906,349.462983250618,0.7124060795055397,IMG_6047
13279.5,0.6618896183322445,130.0307061209413,117.87609100341797,155.023193359375,502.11478435993195,0.7603771309894091,IMG_6047
16212.0,0.7376546564271212,143.67240340178924,139.0469207763672,160.11181640625,525.5289987325668,0.8684363459069437,IMG_6047
14133.5,0.6737513596095835,134.14667757911272,121.19603729248047,158.729248046875,513.4284929037094,0.7635394156008952,IMG_6047
17112.0,0.7461334635102865,147.60648728801897,142.789306640625,163.19056701660156,536.8427083492279,0.8749850512260239,IMG_6047
21202.0,0.7534873698471326,164.30223622177186,148.0172576904297,186.1881103515625,594.6416962146759,0.7949877004011794,IMG_6047
22222.0,0.7605218241195599,168.20799375506738,151.48294067382812,189.2392578125,605.9554041624069,0.8004836968020601,IMG_6047
20474.0,0.6347787868670478,161.45682530914488,133.2257080078125,226.85792541503906,636.6416963338852,0.5872649490383667,IMG_6047
21578.0,0.645848746232297,165.7527161053337,137.24813842773438,229.0750274658203,647.9554035663605,0.5991405520979924,IMG_6047
23369.0,0.7093697979490531,172.49444895681722,148.38284301757812,211.00439453125,643.4112485647202,0.7032215767221969,IMG_6047
21624.5,0.641824930637186,165.9312162768824,146.07400512695312,200.55311584472656,650.683326125145,0.7283557002427598,IMG_6047
24465.0,0.717195064989867,176.49307482716074,151.43409729003906,214.92593383789062,654.7249569892883,0.7045873645209297,IMG_6047
22742.5,0.652132701455672,170.16653709275346,149.2568817138672,203.8741912841797,661.9970351457596,0.7321028756691347,IMG_6047
15643.0,0.7335369757878256,141.12861580236714,141.8437042236328,151.67303466796875,517.6711347103119,0.9351939488396631,IMG_6047
